<?xml version="1.0" encoding="utf-8"?>
<!DOCTYPE hibernate-mapping PUBLIC "-//Hibernate/Hibernate Mapping DTD 3.0//EN"
"http://hibernate.sourceforge.net/hibernate-mapping-3.0.dtd">
<!-- 
    Mapping file autogenerated by MyEclipse Persistence Tools
-->
<hibernate-mapping>
    <class name="com.model.TKeshi" table="t_keshi">
        <id name="keshiId" type="java.lang.Integer">
            <column name="keshi_id" />
            <generator class="increment" />
        </id>
        <property name="keshiAnme" type="java.lang.String">
            <column name="keshi_anme" length="50" />
        </property>
        <property name="del" type="java.lang.String">
            <column name="del" length="50" />
        </property>
    </class>
</hibernate-mapping>
