<?xml version="1.0" encoding="utf-8"?>
<!DOCTYPE hibernate-mapping PUBLIC "-//Hibernate/Hibernate Mapping DTD 3.0//EN"
"http://hibernate.sourceforge.net/hibernate-mapping-3.0.dtd">
<!-- 
    Mapping file autogenerated by MyEclipse Persistence Tools
-->
<hibernate-mapping>
    <class name="com.model.TYiyuan" table="t_yiyuan">
        <id name="id" type="java.lang.Integer">
            <column name="id" />
            <generator class="increment" />
        </id>
        <property name="mingcheng" type="java.lang.String">
            <column name="mingcheng" length="50" />
        </property>
        <property name="dizhi" type="java.lang.String">
            <column name="dizhi" length="50" />
        </property>
        <property name="dianhua" type="java.lang.String">
            <column name="dianhua" />
        </property>
        <property name="del" type="java.lang.String">
            <column name="del" />
        </property>
    </class>
</hibernate-mapping>
