<?xml version="1.0" encoding="utf-8"?>
<!DOCTYPE hibernate-mapping PUBLIC "-//Hibernate/Hibernate Mapping DTD 3.0//EN"
"http://hibernate.sourceforge.net/hibernate-mapping-3.0.dtd">
<!-- 
    Mapping file autogenerated by MyEclipse Persistence Tools
-->
<hibernate-mapping>
    <class name="com.model.TZhuanjia" table="t_zhuanjia">
        <id name="id" type="java.lang.Integer">
            <column name="id" />
            <generator class="increment" />
        </id>
        <property name="yiyuanId" type="java.lang.Integer">
            <column name="yiyuanId" />
        </property>
        <property name="keshiId" type="java.lang.Integer">
            <column name="keshiId" />
        </property>
        <property name="xingming" type="java.lang.String">
            <column name="xingming" />
        </property>
        
        <property name="xingbie" type="java.lang.String">
            <column name="xingbie" length="11" />
        </property>
        <property name="nianling" type="java.lang.Integer">
            <column name="nianling" />
        </property>
        <property name="shanchang" type="java.lang.String">
            <column name="shanchang" />
        </property>
        <property name="leixing" type="java.lang.String">
            <column name="leixing" />
        </property>
        
        <property name="fujian" type="java.lang.String">
            <column name="fujian" />
        </property>
        <property name="del" type="java.lang.String">
            <column name="del" />
        </property>
    </class>
</hibernate-mapping>
